id;document_number;expiration_date;is_valid;document_type_code;active
1;Home Loan Account;CFP Franc ;true;compr;true
2;frictionless orchid;Future-pro;false;Rubbe;false
3;deposit Chicken best-of-breed;RSS Buckin;true;Autom;true
4;B2B;Chair Awes;false;Islan;false
5;Bedfordshire;alliance L;true;Cambr;false
6;streamline Home SAS;quantify;false;sky b;true
7;back-end Roads bypass;Concrete;false;Bond ;false
8;ADP;Hungary Co;false;lever;false
9;internet solution;Total;false;Ranch;true
10;Club Nebraska;Nevada qua;false;encom;true
